[
  {
    "metadataOutputVersion" : "3.0",
    "storagePrecision" : "Mixed (Float32, Float16)",
    "outputSchema" : [
      {
        "hasShapeFlexibility" : "0",
        "isOptional" : "0",
        "dataType" : "Float32",
        "formattedType" : "MultiArray (Float32)",
        "shortDescription" : "",
        "shape" : "[]",
        "name" : "816",
        "type" : "MultiArray"
      },
      {
        "hasShapeFlexibility" : "0",
        "isOptional" : "0",
        "dataType" : "Float32",
        "formattedType" : "MultiArray (Float32)",
        "shortDescription" : "",
        "shape" : "[]",
        "name" : "721",
        "type" : "MultiArray"
      },
      {
        "hasShapeFlexibility" : "0",
        "isOptional" : "0",
        "dataType" : "Float32",
        "formattedType" : "MultiArray (Float32)",
        "shortDescription" : "",
        "shape" : "[]",
        "name" : "756",
        "type" : "MultiArray"
      },
      {
        "hasShapeFlexibility" : "0",
        "isOptional" : "0",
        "dataType" : "Float32",
        "formattedType" : "MultiArray (Float32)",
        "shortDescription" : "",
        "shape" : "[]",
        "name" : "791",
        "type" : "MultiArray"
      }
    ],
    "modelParameters" : [

    ],
    "specificationVersion" : 4,
    "computePrecision" : "Float16",
    "isUpdatable" : "0",
    "availability" : {
      "macOS" : "10.15",
      "tvOS" : "13.0",
      "watchOS" : "6.0",
      "iOS" : "13.0",
      "macCatalyst" : "13.0"
    },
    "neuralNetworkLayerTypeHistogram" : {
      "AddBroadcastable" : 3,
      "Concat" : 14,
      "UnaryPower" : 3,
      "Convolution" : 62,
      "ActivationSigmoid" : 62,
      "ReshapeStatic" : 6,
      "LoadConstantND" : 9,
      "MultiplyBroadcastable" : 3,
      "Transpose" : 3,
      "UpsampleNearestNeighbor" : 2,
      "PoolingMax" : 3,
      "SliceStatic" : 4,
      "Add" : 7,
      "Multiply" : 68,
      "ConcatND" : 4,
      "Slice" : 13,
      "SubtractBroadcastable" : 3
    },
    "modelType" : {
      "name" : "MLModelType_neuralNetwork"
    },
    "userDefinedMetadata" : {
      "com.github.apple.coremltools.version" : "5.0b2",
      "com.github.apple.coremltools.source" : "torch==1.9.0"
    },
    "generatedClassName" : "Blurit_1280",
    "inputSchema" : [
      {
        "height" : "1280",
        "colorspace" : "RGB",
        "isOptional" : "0",
        "width" : "1280",
        "isColor" : "1",
        "formattedType" : "Image (Color 1280 × 1280)",
        "hasSizeFlexibility" : "0",
        "type" : "Image",
        "shortDescription" : "",
        "name" : "image"
      }
    ],
    "method" : "predict"
  }
]